clinvar_id,gene,cdna_change,protein_change,chrom,pos,ref,alt,var_pos,seq_changed
4812876,LDLR,c.408C>G,"D136E, D95E",19,11105314,C,G,300,True
4812851,LDLR,c.155G>T,"C138F, C52F",19,11100310,G,T,300,True
4812843,LDLR,c.457T>C,"F112L, F153L",19,11105363,T,C,300,True
4812842,LDLR,c.1840T>G,"F446V, F487V, F573V, F614V",19,11116993,T,G,300,True
4810747,LDLR,c.1054T>G,"C184G, C225G, C311G, C352G",19,11110765,T,G,300,True
4802605,LDLR,c.1961T>G,"L486R, L527R, L613R, L654R",19,11120207,T,G,300,True
4802604,LDLR,c.1865A>T,"D454V, D495V, D581V, D622V",19,11120111,A,T,300,True
4802602,LDLR,c.1724T>A,"L407H, L448H, L534H, L575H",19,11116877,T,A,300,True
4802599,LDLR,c.1074T>G,"C190W, C231W, C317W, C358W",19,11111527,T,G,300,True
4802598,LDLR,c.986G>C,"C161S, C202S, C288S, C329S",19,11110697,G,C,300,True
4802595,LDLR,c.648T>G,"C175W, C216W",19,11105554,T,G,300,True
4802594,LDLR,c.398A>G,"D133G, D92G",19,11105304,A,G,300,True
4771976,LDLR,c.483C>G,"I161M, I120M",19,11105389,C,G,300,True
4758041,LDLR,c.1067A>G,"D188G, D229G, D315G, D356G",19,11111520,A,G,300,True
4726831,LDLR,NM_000527.5(LDLR):c.818-1G>T,,19,11107391,G,T,300,True
4708249,LDLR,c.1297G>A,"D392N, D433N, D265N, D306N",19,11113388,G,A,300,True
4695160,LDLR,c.325T>A,"C109S, C68S",19,11105231,T,A,300,True
4540597,LDLR,c.348C>A,"C116*, C75*",19,11105254,C,A,300,True
4540594,LDLR,c.632A>G,"H170R, H211R",19,11105538,A,G,300,True
4530625,LDLR,c.270T>G,"D176E, D90E",19,11102743,T,G,300,True
4528366,LDLR,NM_000527.5(LDLR):c.68-2A>C,,19,11100221,A,C,300,True
4794201,APOB,c.9721G>T,E3241*,2,21007147,G,T,300,True
4792430,APOB,c.11470C>T,Q3824*,2,21005398,C,T,300,True
4787609,APOB,c.6022G>T,E2008*,2,21010846,G,T,300,True
4786150,APOB,c.5303C>A,S1768*,2,21011565,C,A,300,True
4784371,APOB,c.8602G>T,E2868*,2,21008266,G,T,300,True
4277664,PCSK9,NM_174936.4(PCSK9):c.399+1G>A,,1,55044035,G,A,300,True
